cleaned_comment,class
harry potter prenant précédent garde bon satisfaction plaisir voldemort inquisiteur élément rend scénario efficacité ennuyer acteur hauteur attende particulièrement interprèt dolore ombrage trouver film genre vite mal comparer rapport bon scène action effet spécial bon accompagnement particulièrement combat dumbledore voldemort musique entend moment mettre ambiance non négligeable plaisir oreille décor costume bien tristesse courage élément bien mettre valeur film palpiter moment parrain harry mourir film sorcier regarder plaisir famille,mid
porter opus réaliser fois david yate sortir 2007 cœur force constater meilleur saga important préciser saga cinématographique uniquement ordre phénix revanche tome préférer préféré saga littéraire j. k. rowling roman long saga littéraire douloureux découvrir adaptation reprendre principale intrigue roman temps dernier pavé page non retranscrire écran durée heure facilement rallonger bon quart heure exemple développer personnage dolore ombrag travers ailleurs voir représentation conservatisme margaret thatcher relation entretenir harry pote prof bataille final ministère être fortement raccourcir ici harry potter faire face moquerie suspicion camarade révélation inquiétanter fin opus opus important constituer pierre angulaire virage prendre saga virage entamer opus adopter ambiance beaucoup sombre sérieux dramatique premier vrai dommage voir histoire passionnant écran amputer élément sous-intrigue ombrage exemple beaucoup détestable livre film agréable regarder visuellemer mise scène bon casting retrouver lot acteur jouer bien daniel radcliff forcément fan jeu travailler ici personnage composition retenir bien-sûr evanna lynch helena bonham carter imelda staunton jouer bien harry potter ordre phénix bon film anecdotique face roman nom,mid
"harry potter ordre phénix opus saga revenir histoire personnage pleine évolution constituer point fort noté 3,5 5 volet réussir maintenir intérêt grâce mise scène soigner réalisation continuer capturer essence magique univers.l' évolution personnage prendre tournure significatif harry ami confronter dilemme adulte montée tension influence voldemort accroît film parvenir explorer dynamique profondeur rendre protagoniste complexe attachants.cependant ordre phénix manqu enjeu propre positionner davantage épisode transition voldemort volet précédent guerre venir absence conflit central unique laisse impression vide film contenter mettre place pièce avenir raconter histoire pleinement autonome.malgré réserve film demeure étape essentiel construction saga amener changement important enrichir récit global fan harry potter passage inévitable préparer terrain suite événement",mid
clairement opus aimer saga personnage dolore ombrag agacer fois voi envier gifler chose aimer affection chat trouver film long pénible scénariste change oeil ressentir terme qualité réalisateur fois amener touche personnel saga musique préféré non rencontre nouveau personnage fois mort rendez-vous adorer personnage bellatri lestrang décidément amoureux helena,mid
tournant décisif david yate réalisateur succéder mike newell alfonso cuaron empar tome lourd gros série gros bouquin film court saga compte second partie relique mort rien doute chose illogique avouon gros partie intrigue présente film final laisse arrière goût amer demande fouler face opus voir résultat photographie sombre épisode laisser côté film action blockbusteriser précédent manqu pep charme scène enchainer trop rapidement globalement réussiter part aucun émotion face face entrespoiler voldemort dumbledorequi bien court surpasse événement filmspoiler:(et mort siriu ben raté daniel radcliff cerner acteur correct bon particulier emma watson supprimer mimique coupe feu forger caractère gagner maturité musique mieux prédécesseur franchement voler haut aussitôt entendre aussitôt oublier ordre phénix épisode moyen qualité changement réalisateur ressentir fur mesure balance mal équilibré franc réussiter premier film paraître lointain harry potter mériter long sombre travailler avantage,mid
"harry potter ordre phénix pavé page excellent livre préférer mike newell céder place david yate sortir droit nul part trouver mauvais choix fin saga partir livre j.k rowling lever pied disant fait meilleur film possible.(erreur)bref focalison film mauver non film séparer party choc opus court film long livre(1000 page même).""harry potter ordre phénix peut-être qualité défaut prédécesseur convier noter qualité mise scène david yate réalisateur exiger mike newell cuarón réelle approche artistique œuvre film personnel regorger bon idée problème yates débuter blockbuster commettre maladresse rythme dynamique spoiler travers rêve vision épileptique harry zoom article journal animer succession saynète représentant progression armée dumbledore tentative rusard prendre piège premier point réussir donner film ambiance particulier guéguerre partisan ombrage dumbledore embarrassant doter humour adapter cause développement intrigue trop expéditif refléter complexité roman long saga film bien trop court profondeur personnage visiblement être privilégier membre ordre apparaître faire valoir explication intrigue général dialogue introspectif rare largement insuffisant scénariste conscier décalage volet remplir action poser décider limiter échange personnage spectateur ennuyer révéler bien stupide fois projection terminer compte projet voldemort département mystère flou importance prophétie peine être esquisser dommage film trop précipité marque heureusement beauté décor mise scène sauf titre maison black ministère magie impressionnant prison azkaban particulièrement réussir aspect positif découle flash back harry intervenir image volet précédent unifier saga manquer cohérence changement style point peut-être présence yate réalisation indispensable cas épisode véritablement central revanche fin film peut-être décevanter adaptation voir département mystère incontestablement beau voit héler événement dérouler constituer meilleur passage saga écrit étrangeté richesse détail salle temps cerveau arcade receler infinité possibilité mise scène réalisateur prendre pied filmer bien sûr doute question budget amener grand vide constituer séquence incroyablemer marquante.spoiler trouver mort siriu baclé scène harry censé énerver contre dumbledore.côté nouveau acteur imelda staunton evanna lynch particulièrement bien choisie rôle respectif odieuse dolore ombrag excentrique luner lovegood imelda staunton joue bien tat mimique énervant personnage diaboliquement énervant efficace revanche aimer performance helena bonham carter(qui nouveau trop énervant rire insupportable trouver surjou relique mort côté musiqu patrick doyl laisse place nicholas hooper signe bon morceau hauteur prédécesseur john william travail correct part david yate film casser pâte canard sort bien réalisateur sortir nul part cas film",mid
longueur livre sembler difficile retranscrire précisément fait oeuvrage proposer pénaliser film manque envergure rapport conséquent cour montre lent double mouvement viser faire intégrer maximum information proposer réellement stimulation visuel alourdir volet.spoiler combat final grand sorcier excellent,mid
harry potter ordre phénix être 3 an porte entrée saga fois être décevant comprenner évidemment grand chose volontairement zapper 4 premier héros trop jeune pdv époque troisième visionnage cinquième film harry potter réussi saga david yate prendre réalisation quitter mise scène académique bien loin créativité cuaron voir ailleurs détraqueur filmer cuaron yate yate mal mettre nouveau personnage irrégulièrement développé final apparaître enfantin sorte arrière rapport 2 précédent mature sombre bon proposer divertissement familial objectif saga intrigue traîne spectacle concentrer 20 dernier minute message manichéen niais fin mettre bon saga,mid
arrivée nouveau insupportable inquisiteur poudlard instaurer règle proposer cours intérêt tenter faire régner ordre surveiller école dumbledore fond comble harry potter créer société secret improviser professeur magie continuer apprentissage utile élève harry prendre ampleur épisode training sort apprendre affronter avenir incertain opus marque entrée scène david yate dernier réalisateur saga,mid
peut-être film série harry potter apporter dison livre marquant oui bien fournir réalisation lignée coupe feu david yate prendre flambeau finir aventure étincelant film signer commencer hypothèse exclusion harry déni ministère face évident voldemort grosso modo trame ordre phoenix institution officiel magie refuser aller sens harry passer véritable imposteur réfuter témoignage dernier épreuve coupe feu fois harry véritable désabusement troupe épisode intéressant sens vraiment bien contre mal globalement cas suite ministère entrave mu véritable grand méchant aventure véritable pilier anti-avancement contre savoir retenir ailleurs insupportable dolorè ombrag figurer ministère intra poudlard donne franchement envie rire dolorè ordre phoenix apparition personnage côté sombre devenir presque méprisable lord voldemord nommer délicieuse bellatrix lestrang interpréter démence attendre helena bonham parker sommet évidemment beaucoup épisode maso pauvre harry souffrir vraiment trop injuste détraqueur menacer exclusion mépris incompréhension général ignorance dumbledore cibl prioritaire vilain dolorès cours particulier rogue communication bon vieux tom intrer cicatrice finirspoiler mort siriu constituer jusque présent unique famille dur dur heureusement cho armée secret dumbledore donner espoir héro préféré épisode incontournable oui aller oublier = luner aime,mid
saga harry potter change réalisateur dernier fois film réaliser david yates.adapté gros tome série film pourtant court problème majeur film survoler sujet tendance bousculer chronologie événement simplement passer trappe début ron équipe quidditch récit hagrid spoiler rôle kreattur mort siriu ron hermione être préfet non harry événement important influence comportement personnage événement important amputé yate incapable restituer atmosphèr inquiétant département mystère surprenant salle demande épreuve buse coup fred georgesspoiler:(qui permettre interrompre examen officiel).le film mettre temps démarrer vraiment impression acteur retenir début film début livre scène colère légion ensuite ambiance sombre livre généralement bien restituer apprécier petit note humour rafraichissantes.le film présente nouveau personnage dolorè ombrag parfaitement interpréter imelda staunton bellatri lestrang devoir flash back épisode précédent interpréter helena bonham carter surjou lestrang temps hystérique hautain méprisant côté -là surprise venir personnage luna lovegood interpréter evanna lynch fan décrocher rôle convier bien.l film confus ambiance sombre bien restituer avis rester mieux livre,mid
"suivre épisode intérêt moyen divertissement adolescent joli effet spécial scénario beaucoup évolution converge voldemort.j demande 8 épisode trop long 3 doute affaire ici harry continuer poser question parent tombe amoureux continuer obséder voldemort continuer faire remarquer professeur relation quasi adulte adulte émotion flash back voir trop utilité évolutif 3,5/5",mid
sombre harry mal mesure glisse coté obscur force film qualité centrer tourment psychologique héros mettre doigt manipulation opinion public travers système politique sorcier reflet évidemment rattraper coté action climax spectaculaire grand bataille annoncer voir clairement épisode élément mettre place note arrivée personnage atypique despoiler luner lovegood bellatrix lestrang mal,mid
5e volet sombre précédent marque monter puissance voldemort ailler arrivée personnage droit ministre magie septique voldemort changer poudlard montr méchanceté personnage drago malfoy presqhe disparaître paysage film mettre temps démarrer harry potter arroger voir rire volet peur larme action,mid
arrivée réalisateur david yate volet saga harry potter réaliser 2007 certainement droit bon épisode série doter intrigue commun action prendre place minute éterniser expliquer nécessité adapter 1000 page roman j. k. rowling héros daniel radcliff rupert grint emma watson poursuivre péripétie côté nouveau vague second rôle venir enrichir aventure bref petit entrainement grand bataille,mid
continuer heure opposition final voldemort approche armée opposer commencer bouger pions.le bien contre mal base cinéma film super-héro seigneur anneau film américain mettre scène soldat américain faiblesse harry potter cibler public enfantin adulte sentiment regarder club 5 gamin expérience affronter mettre mal mangemort bouteille magicien noir invincible vouloir contrôler univers voir ambition freiner enfant issu école sorcier unique rempart monde sorcellerie bien accord public jeune épopée génial souvenir adulte voir jeune année emporter souffle épique,mid
nouveau saga saga vraiment donner cœur joie face 5ème volet simple bon raison long mise place grand fin écouler 2 voir 3 grand illustre party film part intégralement partie jamais réellement correctement constat unanime visuellemer changer fort heureusement magnifique qualité cesser progrès décor magique costume élève professeur accessoire inchangé génial voir jeu grand casting inchanger poursuivre parfaitement acteur personnage parfait.spoiler dumbledor mc gonagall présent volet apparition rester bon côté grand chère sirius loup garou remu lupin ex otage alastor maugrey film cesser évoluer départ croire souhaiter fois découvrir film débuter être personnellement surprendre avoir être persuader scène ouverture être prochain idem affrontement ministère bel bien jamais regarder 5 correctement parler ailleurs ministère déception découvrir extérieur illustre lieu univers potter sérieusement fâcher voir département mystère hall surdimensionner événement dérouler apporter dynamisme abser ici plan personnage secondaire oncle tante cousin harry j.k rowling -t lui pouvoir autant réussir imaginer abruti pareil cousin manque neurone gravement ressentir tante potiche blonde extérieurement intérieurement oncle arrêter niveau prof spoiler énième recrue venue droit ministère grand symbole film autorité moyen-nageus trop bon manière confirmation suspicion statut puisque sérieusement montrer vrai vérité défense face mal bien élève lèche-botte concierge trio malefoy confirmer statu multiple volet connaître non vouloir personnage école ministère professeur reconnaître voldemort volonté nuire harry entourage ministre égal précédent terme caractère.egalement connaître statu harry prof intérim scène salle secret être canon poétique.pour quasiment conclure 2 point important rôle ralphe fienne fois immense perfection présent suffisamment oublier suite prestation coupe feu combat face dumbledort efficace manquer cruellemer longueur vrai titre ordre phénix jamais avoir attribuer titre raison despoiler absence monumental élément film début rien suite fin illogique scène mange mort membre ordre être immense perfection chorégraphique conclure coup baguette sorcier adulte aucun sincèrement besoin formuler vouloir accessoire simple mouvement petit sifflement verbal hilarité exemplaire différencier perfection élève professeur.5ème aventur 3 grand finau premier immense révélation volet facilemer oubliable être précédemment long mise place final espérer prince sang mêler petit déception,mid
dernier arrêt gare réalisateur saga david yate monte bord train direction poudlard quitter œuvre ardu adaptation roman aduler homme mettre scène épisode série film rendre oubliette aujourd’hui harry potter ordre phœni transposer grand écran forcément perdre richesse vis-à-vis roman raison blâmer yate bon boulot épisode harry soutien ami poudlard croire lord voldemort ministère opposer ouvertement école magie envoyer délicieuse dolorès ombrag faire régner ordre feindre paix volet cinématographique aventure sorcier être occasion découvrir nouveau personnage majeur seconder opposer héros film david yate exception introduit nouveau protagoniste univers retenir côté jeune evanna lynch apporter fraîcheur agréable univers révéler oppressant personnage adorable vite attache connaître harry potter école sorcier côté trouver strict opposer appeler dolorès ombrag jouer parfait imelda staunton incarnation idéal ténèbre immiscer école personnage exquis bien odieux détestable ombrage base scène particulièrement réussir spoiler punition harry bureau plein chat affichage innombrable règle rencontre centaure bois film offrir bel scèner anthologie spoiler salle prophétie duel silencieux magnifique voldemort contre dumbledore mort sirius révéler finalement creux ordre phœni suite évènement clôturer volet monde magique subit répercussion révélation harry voldemort bien non ministère reconner fait devenir difficile lister élément jalonnant intrigu scène entrainement salle demande sympathique situer espèce entre-deux sorcier poudlard préparer mangemort menace vraiment palpable épisode servir renforcer lien protagoniste élément intéressant survenir dernier quart œuvre conclusion épisode prêt livrer combat contre savoir fin présente moment grandiose souffle épique probablement tirer partie film haut,mid
opus voldemort vraiment guerre commencer faire rage excellent coupe feu mike newell sortir brio tour david yate occuper -là souvenir dernier opus vraiment pleuvoir bien jeune éloigner univers.malheureusement fois arriver replonger univers harry potter vraiment réussir retrouver magie monde rowling souvenir bien bouquin long long saga ailleurs riche david yate maîtrise scénario adapté souffrir ellipse mal maîtriser personnage passer silence approfondir poser problème attacher découvrir chose important protagoniste tendance trop enfermer écrir légèrement caricatural ressentir niveau dialogues.si ajouter mise scène trop banal yate incapable bien retranscrire enjeu donne forcément déception dernier approfondir relation harry sirius peine coup donner dimension vraiment tragique malheur tomber sirius cas personnage émotion coup ressentir grand-chose film heureusement touche légèreté humour marchent apothéose final attendre décevant impression immense cirqu tape-à-l’œil vrai combat intense tragique vraiment ressentir atmosphère peur noirceur devoir régner récit impression bande annonce 2 heure préparer prochain film.et pourtant beau trouver point gêner attacher personnage yate bénéficie travail précédent réalisateur image trio principal fred george légèreté humour loin marbre nouveau apporter vraiment récit image loufoque luna lovegood détestable souhait dolorè ombrag ensemble bien rythmer bien aimer rapport ministère magie poudlard premier chercher contrôler école dumbledore rester aveugle parano ambition vraie menace reconstitution excellente qualité effet spécial immerger meilleur manière univers partition musical impeccable acteur jeune vieux garde anglaise.décever bien faible prédécesseur ordre phénix peine cause mauvais adaptation scénaristiqu vaste riche livre rowling réalisation plate éclat dommage univers protagoniste intéressant attachant,mid
opus saga harry potter continuer gagner maturité poser question affranchissement jeune vis-à-vis ordre social devenir adulte combler -t il scénario grand profondeur partir sens vraiment donner fil conducteur méli mélo justement prédécesseur choisir articuler autour facette aventure quête fantastique extraordinaire magique intensité dramatique étouffer tyrannie ombrage yates justement jouer contraste faire ressortir davantage dommage heureusement personnage farfelu ombrage apporter touche humour bien venue humour rose bonbon drôle laisse amer vole vedette guerre sombre attendre voir force fantastique regarder épisode harry potter divertissement agréable mériter sage gagner profondeur,mid
changement réalisateur résultat trouver hauteur affaire voldemort histoire tenir passablemer bien route évident permettre 1000 page tome film 140 minute scénariste choix vraiment trop drastique réussir imposer présence excessif personnage dolorè ombrag mise scène david yate manqu consistance image despoiler mort bâcler sirius black.c’ autant regrettable harry potter ordre phénix noirceur rappeler épisode 3 approfondissement psychologique jeune sorcier opus précède,mid
harry potter ordre phénix réaliser david yate film distinguer sombre adulte rapport prédécesseur opus saga harry potter baser roman j.k rowling explorer thème manipulation politique rébellion adolescent complexité relation interpersonnel conserver atmosphère magique caractériser série.spoiler film débuter harry potter confronté communauté sorcier déni voldemort introduction dolore ombrag jouer brio imelda staunton professeur défense contre force mal grand inquisiteur apporter dimension politique oppresser poudlard présence incarn mainmise ministère magie école illustre parfaitement thématique abus pouvoir.le développement armée dumbledore groupe étudiant réunir clandestinement apprendre défendre refléter montée résistance contre autorité abusif ombrage ministère.ce scène dynamique émouvante film montrant harry rôle leader naturel souligner importance amitié solidarité.la réalisation david yate apporter nouveau dimension univers harry potter mise scène mature rythme soutenir toutefois film souffrir moment manque profondeur exploration personnage secondaire sous-intrigue probablement devoir nécessité adapter roman volumineux film durée raisonnable.ler performance acteur principal daniel radcliff rupert grint emma watson continuer affiner gagner complexité scènesspoiler harry sirius black jouer gary oldman particulièrement touchant ajouter couche émotionnel important récit.la musiqu nicholas hooper bien composition john williams adapter bien atmosphère sombre film contribuer ambiance unique.en conclusion harry potter ordre phénix film captivant marque tournant série approche sérieux sombre bien pouvoir manquer profondeur roman original souffrir coupe nécessaire ajout solide saga harry potter continuer captiver public mélange magie aventure drame,mid
28/09/2018dans ensemble film bon malheureusement pâtit lire systématiquement livre regarder film dommage jusque livre long accouche film court bien malheureuxcertain acteur bon imelda staunton ombrage aimer détester emma watson hermione piquant evanna lynch luna lovegood ouest mème temps plein malice film contre beaucoup rupert grint ex weasley ridicule comprend bien servir ralph fienne voldemort)mai scène bien fait effet spécial sympa trouver trop scène bâcler oublier exemple élève arriver tête sanglier réunion secret passer plan 3 héros arriver plan élève arriver 5 chrono histoire amour cho harry occulter long baiser bien crise jalousie cho voir vis hermione idem livre mcgonagall victime sortilège stupéfaction prémices révolte jumeau weasley rien film fin arrivée département mystère bien mieux rendre long complexe trouver livreon passer bon moment scène bien rendre ensemble trop scène occulter permettre meilleur note concevoir bien faire film long livre,mid
force mal rassembler voldemort retrouver puissance recrute ombre éveiller soupçon bien intérêt épisode repose essentiellement doute exister ministère magie ministre croire voldemort imagine agir conspiration mener dumbledore piquer place heureusement société secret doute voldemort mener combat ordre phœni franchement avouer content voir adulte mêler sérieusement voldemort harry potter pauvre gamin face horde sorcier malfaisant combat trop inégal mise cause dumbledore conflit ministère provoquer beaucoup changement poudlard amener duel magistral grand sorcier vivant combat rien moment film valoir coup,mid
david yate fête remarquablemer entrer tête film harry potter joli superbe photographie superbe image bon mise scène exercice style réussir rythme affreusement lent action mal répartir beauté film faire bon film).deux scène remarquable trop court combat dumbledore vous-savez-qui.david yate tuer épisode 5 6 saga bien partie finir bien,mid
difficile difficile adapter film livre génie repose ambiance délétère régner dolorès ombrage poudlard saluer prestation imelda staunton rôle pire mécher univers jk rowling ressentir chape plomb abattre poudlard suspicion peur emparer monde magie harry potter annoncer voldemort.ainsi david yate privilégie moment action passer trop vite vite moment spoiler grawp quidditch pire souvenir rogue article gazette sorcier peut-être 1 film suffire il 5ème tome riche juger film forcémer rapport livre vouloir adaptation cas harry potter ordre phénix bon film,mid
épisode torturer saga david yater plonger obscurité univers fantastique ici ressentir vraiment solitude poids responsabilité peser épaule jeune harry opus souffrir longueur offrir incroyable antagoniste dolorès ombrag adorer détester noter efficacité final combat titan vodemort dumbledore mot magique,mid
volet david yate barre adaptation décevant faute scénario mal travailler psychologie exploiter lord voldemort ministère magie ni fait problème bien expliquer livre histoire propethie bien expliquer film non essence opus bon effet spécial bon scène action,mid
aimer beaucoup film trouver manque trop détail rapport roman livre pavé être réduire heure demi film problème?ce préférer film monde scène ad envie place étudiant sorte nouveau famille train créer activités!dolore ombrag roman acteur joue bien!par contre supporter spoiler sirius mourir pleurer lire roman harry.on rencontre nouveau personnage devenir important suite histoire génial sens froid dos bellatri lestrang complètement fou génie réalisateur bien capté essence personnage,mid
bon adaptation célèbre roman admire énormément talent réalisateur savoir adapter essentiel livre donner forme adaptation potable harry potter 5 pleuvoir beaucoup aimer effet spécial premier apparition personnage devenir tard principal saga opus dénonce autorité injustice politique enseignement frôle caricature épisode donne naissance enfance enfantine sérieux sombre film réussir défaut découvrir bon divertissement 3.5/5,mid
être film attaquer chose réellement important réalisateur pointure bin non attaqu énorme paradoxe sein saga cap narratif crucial retrouver film insignifiant jamais sortir commande inconnu issu télévision britannique conteste inapte relever défi harry potter ordre phénix continuité prédécesseur concerner découverte univers petit sorcier lunette film dévoiler ministère magie fonctionnement position monde sorcier fois saga abord front notion politique propagande intéressant montre scène procès début film continuité partie élève vie poudlard continuer hormone meilleur pire jeune ami non harry devoir faire face annonce don- nom amener lot question doute trouble traumatisme devoir subir caractère immonde nouveau professeure révéler persécuteur ordre dolore ombrag envoyer ministère réformer poudlard véritable gardien tradition scolaire privilégier théorie pratique abuser statut jouer gros tyran bien entendre amener élève goûter aspect puberté rébellion contre autorité insubordination petit sorcier herbe conduire création fameu ordre phénix….mai intérêt pouvoir petit point récit pouvoir déplorer film ratage total énorme foirage david yate homme talent choix pratiquement incompréhensible -t il aucun allusion quidditch -ce phrase sertspoiler amourette harry cho pratiquemer développer sort nul part nul part regard baiser hop remballer venir concentrer autant surspoiler cauchemar harryalors permettre aucun avancée scénaristiqu photographie fade film cendreux précédent proposer ambiance sombre bel fois franchise musique trop discret point souvenir aucun thème principal saga scène important métrage duspoiler flashback expliquer père harry adolescent prendre malin plaisir torturer rogue pose problème ambiguïté nature humain totalement illisible charcuter montage cut épileptique dingue quart film simplement creux limite incipid final avérer palpiter heureusement commencer ronfler yate arriver insérer certainement moment ridicule saga face terrible némésis harry sort grand sérieux mondespoiler chose .et oui ami sortir champagne balancez lara fabian céline dion hélène ségara fond sonore spoiler amour amitier triompher toujours!!! oh dieu purge rappeler connaître roman harry potter franchement falloir saint-cyr comprendre roman bien intelligent construit palpiter métrage bâclé finir note positif tirer chapeau 3 nouveau recrue casting mérite applaudissement arriver sortir tête haute foutu purer poix imelda staunton interpréter dolore ombrag sadique détestable souher air enfantin insupportable helena bonham carter parfait psychopathe rôle bellatri jeune evanna lynch apporter touche fraîcheur incarner perfection improbable luner lovegood personnage haut couleur ultrer fantaisiste amener touche légèreté film autant air petit fille faussemer naïf grand secours bon conseil petit harry conclure harry potter ordre phénix mauver film vilain petit canard franchise pire second opus faute revenir incontestablement présence caméra novice incompétent david yate monstre cuaron newell mal carrémer impression subir régression matière qualité heureusement récit continuer développer univers riche intrigu principal saga donne envier connaître suite falloir trouver bien meilleur réalisateur éviter sombrer,neg
critique mi parcours saga hp premier 5e rien change mal réaliser passionner adapter livre décidément fort difficile risque faire crier fan saga littéraire réalisateur prendre prendre liberté copie mieux adapter grand écran,neg
condensé épisode précédent second rôle prestige ambiance sombre mode club sorcier incarner dialogue didactique connaître jamais amour amitié esthétique lécher incohérence simplisme narratif évolution relation harry voldemort inconséquence aventureux personnage réaction puéril voire idiot devenir lassant,neg
échappé justesse voldemort resuscité opus précédent harry croire communauté magicien gob voldemort ministre magie mettre bâton roue école howgarts.le fameux ordre phénix utiliser ici tiers intrigue tourner autour nouveau professeur infect prendre pouvoir howgart idée salutaire dénoncer totalitarisme système autruche.sauf gros sabot stupidité profond méchant enseignant méthode barbare penser raz-des-pâquerette compter rebondissement brutal histoire amour arriver cheveu soupe évacuer sec.néanmoins scénario comporte beaucoup incohérence film précédent acteur preuve énergie cgi continuer améliorer.et dernier acte intéressant riche spectacle sauver vraiment film vrai combat sorcier,neg
"désolé aimer harry potter 1,2,3 univers déplaire personnage budget norm effet spécial correct dur trop déconseille 7 an 2/5",neg
ennuyer rien marquant intéressant déçu film aimer bien fin,neg
film bien terne comparer livre regrouper action émotion montre monde change ministère vouloir accepter voldemort ombrage despotique poudlard terne vie dumbledore préparer guerre.le film refléter malheureusement rien charme livre match quidditch bataille ministère réduit moitié.je déçue donner 5 livre préférer,neg
lire livre rien trop mystère mystérieux accumuler raccrocher information,neg
épisode transition voir hp quitter enfance préparer affrontement final film politique saga ingérence ministère menace latent voldemort opus sombre malheureusement mal scénariser manquer scène marquante ennuyeux élément horripilant position refus accepter menace fudge difficile croire charisme huître daniel radcliff transformer leader tâche histoire amour culcul cho dégage rien tactique isolement dumbledore aucun sens déclaration combat final hp montage pastel musique circonstance toucher 12ans.avril 2023 revoir rifftra fois pareil hésiter x titre disque dur finir cliquer guider souvenir envoutante musiqu résonner voir afficher titre harry potter ajouter flash bataille réminiscence nostalgique bonheur découvrir monde version imprimé visionnage prématurément stopper pareil décevoir,neg
communauté potter impression voir hobbit lunette fond twilight précieux gollum magicien élu baguette dépressif poudlard échapper règle schma scénaristiqu basique classique mythe potter grand adolescent inculte,neg
année enfant devenir ado vraie vie entrée adolescence plein bouleversement questionnement rien offrir réellement passionnant cas harry potter épisode transition obligatoire magie angélique premier opus magie noir sombre ordre phoenix annoncer futur inéluctable obscur devenir ici sérieux sévère presque finir humour petit truculence récit annexer magie saga non d.yater mauver réalisateur ordre phoenix présente beaucoup bla bla captif vraiment action emporter adhésion harry potter déprimer mûrir carrure espoir mue traduire prochain épisode vraie personnalité raviv attachement perdre ici,neg
vraiment accrocher affrontement voldemort attendre début film mettre temps fou venir faire patienter spectateur droit parabole aveuglement manipulation pouvoir place nuance coup intérêt veux preuve personnage professeur hombrage trop caricatural trouver forme folie précédent personnage genre décalé nuance coup beaucoup intéressant contenir éclaircissement intéressant saga film moyen,neg
moitié film trouver engageant bien meilleur épisode précédent atteindre qualité volet renouer charme introduction londonien réussie personnage secondaire bien employé rythme intrigue recentrer cadre scolaire poudlard suite complètement décrocher jusqu’ grand scène action forme apothéose numérique franchement laid,neg
histoire totalement inintéressant invisible aide rien développement univers personnage manquer réellement ampleur oublier fin film oublier,neg
épisode nettement bon précédent longuet scénario pauvre pourtant incompréhensible enchaînement hasardeux coup tantinet ennuyant bof bof,neg
épisode rentrer non acteur être mauver histoire mauvais rester hermétique film ajouter méchant rappeler mauvais souvenir école aider apprécié,neg
mauvais scénario beaucoup mauvais acteur thème simpliste grand sentiment réchauffer péripétie insipide dialogue poussif carrément gêner franchement mauvais précédent,neg
harry potter 5 apparer transition passer saga long métrage pratiquemer inutile enchaîner scène remplissage mauvais dialogue situation inintéressant personnage attachant sorte hypnotisation étonnant,neg
roman dense falloir faire coupe fort heureusement passage important retirer moment sirius offrir harry petit miroir importance tard scénario fluide base passer autour sorcier lunette ambiance pesant moment heureux ressentir pessimisme héros poudlard accueil dolorè ombrage dernier faire mal élève ailleurs film adulte violent jeune coup visage torture physique psychologique usage produit illicite bref épisode transition brin bavard rigole voldemort préparer harry persécuté transformer professeur ami dernier vouloir chance survir combat arriver,neg
épisode beaucoup axer combat contre mal scène habituelle école conciliabule fréquenter décalage enfant tendance horrifique bon nombre scène forme combat mental ensemble fixer univers rôle personnage potter centre moment considérer conséquent enfant grotesque intention rien développer épisode thématique habituelle originalité ensemble imposer mythologie absurde malsaine bon nombre aspect,neg
film ouvrir little whinging attaque détracteur contre harry dudley mme figg croiser garçon hasard harry vaincre détracteur jamais démasquer dursley inquiet horrifier menacer jamais harry expulser maison représentation département mystère être décevant entrer film espérer voir effet spécial terrifiant élément magique bizarre droit salle prophétie porte mystérieux ajouter insulte blessure relation siriu harry jamais être développer point harry sentir naturellement dévaster perte parrain impression relation vague ami famille harry commencer considérer siriu figure paternel substitution film décevant part peut-être adresse clairement public adolescent,neg
saga estampiller harry potter volet doute faible confier tâche ingrat faire exposition montrer voldemort impact monde magique autant intérêt principal bien bout film univers attrayer il reproche film vide étonner équipe artistique rien montrer affiche autant passer rien film passer jamais rien nana limite aucun véritable fil conducteur événement rattacher conséquence logique lien évident reproche applique volet ajouter impression énervant propre volet contempler univers noircir logiquement temps image résultat bug d téléviseur traiter enfant harry coup peut-être bien vouloir retenez sombre adulte slowburn gargantuesque autour voldemort finalement voir apparaître fin film climax franchement intense faire figurer climax médian film bon non noir pays harry opus sympathique spectacle visuel lyrique niveau b.o non feu joie épisode charnier maladroitement falloir bien grand-chose,neg
grand chose ordre phoenix part loin oubliable saga passer chose ennui mal mauvais coupe feu continuer lancée maturité casser mal gueule grand chose part coquill vide,neg
amateur potter retrouver essentiel roman fleuve part bel faite scène action entame offrir beau moment film longuet paradoxal matière exploitable dense tourn autour duel venir potter v voldemort jusque tourner vide oublier personnage essentiel carrément sacrifier pauvre doby émotion profondeur approche personnage bien potter pénible jouer rôle pleureuse çà mettre force provenir amitié solide savoir tisser,neg
premier minute scène de-ci de-là montrer part david yate maîtrise visuel esthétique personnel clicher épisode passé falloir rapidement déchanter ordre phénix bien épisode longuet doucement ennuyeux,neg
déçu volet harry potter fidèle livre savoir livre énorme pavé strictement impossible mettre histoire être trop condensé livre gros saga film court chercher erreur niveau jeu trouver rupert grint ron passif acteur jouer bien ambiance super faire mieux,neg
revoir 2023 cinéma trouver trop lenteur film finalement ennuyé bien sûr univers harry potter laisse voir revoir suite prochaine,neg
harry potter grandir insouciance premier film ici place noirceur voir pessimisme attirance mort agir meilleur série scène marquer personnage défendre personnage dolorès ombrag terrifiant apparition voldemort décevoir point positif personnage luner lovegood sympathique étrange petit croire espérer sursaut suite,neg
"harry potter ordre phénix obispo chirurgie nasale""d jeu olympique école magie gars lunette remettre disparition edward cullen aimer bien vouloir faire boul facette boum coup marche trop donzelle sayan menteur dénoncer obispo lp mangetesmort vouloir faire boum 5ème année école dire printemps p' tit niaiseux coup physique apollon ben impressionner fille fait militaire gars petit moyenne marquer histoire plein manuel commencer falloir constituer army tonton onc lucius appeler ordre phénix nom claqu gars sortir balais coup gars lunette appeler dumbledore' s army hommage prof virer école bien année arranger faire gagner équipe gars lunette concours école remplacer dumbledore maggie tatechèr bachel' eau nommer tête poudlard aimer lèche dumbly coup mec lunette pote obliger faire révolution école classement année annuler mauver joueur devenir tricheur perdre compète fin film gars lunette perdre tonton triste savoir ranger affaire ministère magie obispo sortir lp coup gars lunette ben considérer gros menteur fayot dumbly",neg
bof meilleur fois histoire passer totalement livre .on demande faire pareil mettre examen important,neg
critique film bon opus aborder côté politique monde sorcier emprise ministère magie accroit mise place censure détail rappeler merveill montée totalitarisme plonger univers magie noir profondeur découvrir premier romance personnage premier examen étude prémices résistance face gouvernement volet intéressant manquer,pos
revoir film jour blu ray étonner étonner apprécier opus saga harry potter souvenir visionnage conduire avis mitiger revoir meilleur qualité prendre recul histoire trouver résultat final réussir considérer 5ème tome j.k rowling intéressant prendre compte volume impressionner roman j.k rowling 1 000 page condensé beaucoup mieux réussir mike newell coupe feu ailleurs yate bien condensé tyrannie dolore ombrag enchaîner scène détestable bon fois passer détail suivre trame livre personnellement trouver choquer fois elfe dobby mettre côté entraîner changement changement bénéfique personnage neville présent jamais film mal bien contre gros point fort film renouer personnage secondaire grand qualité diggory delacour décevoir ombrage lovegood bellatrix lestrang excellent caractère bien personnage ombrage roman détestable antipathique imagine luner lovegood imagine côté farfelu rêveur bien présent meilleur second rôle bellatrix lestrang temps apparition bien inférieur interprétation helena bonham carter parfait savoir approprier rôle merveill adorer acteur muse femme burton apporter ici univers gothique personnage.on retrouver ambiance sombre saga revoir prisonnier azkaban aspect aventur exploration revenir transporter univers riche poudlard beau monde partir expédition fameu ministère magie ministère esthétique bien lécher emmener décor refroidir pierre noir département mystère uniquement éclairer halo prophétie beau décor calquer rythme histoire finir critique aimer combat final sorcier déplacer apparence fumée noir mangemort blanc membre ordre phénix trouver naze contre trop manichéen souhait roman déplacer bon yate dût trouver style combat voldemort dumbledore bien dire meilleur duel saga.en bref film vrai challenge yate adapter gros volume tome jkr 1 000 page condenser intelligemmer détail agaçant facilement faire abstraction ambiance second rôle gros atout film beau final voir fan,pos
harry potter ordre phénix épisode saga aller voir cinéma film 3d être meilleur film génial super bien chef oeuvre 4è opus différencier histoire tournoi académie magie 5è opus revenir cadre scolaire classique gros changement 5è épisode aucun doute rupture définitif côté aventure fantastique basculer dimension extrêmement psychologique beaucoup adulte coupe feu entamer transition cycle sombre saga mettre définitivement fin transition esprit féerique trouver 3 premier volet autant gâch t chose univers sorcier préférer absolument contraire mettre face vrai enjeux saga proposer goût guerre venir spoiler mise place armée secret élève poudlard diriger harry ron hermione préparer affrontement contre mangemort adorer opus répondre mal question laisser suspend simplement soulever auparavant commespoiler lien harry voldemort connexion spirituel prophétie aucun vivre survit film proposer découvrir nouveau personnage fort charism professeur défence contre force mal mérite parfaitement titre pire professeur poudlard personnage agaçant finalement efficace faire ressentir injustice régner spoiler interdire usage sortilège défence produit weasley filer heure colle harry aucun raison découvrir sympathique luner lovegood élever fort sympathique moin loufoque attache facilemer attitude déconnecter réalité rêveur sociale;. nouveau recroître méchant bellatri lestrang interpréter brillamment helena boham carter .avec personnage venir ajouter groupe préférer histoire prendre vitesse assister beaucoup scène riche action duel sortilège commespoiler séance entraînement a.d salle demande séquence final poursuite chaotique département mystère ministère magie face face final dumbledore voldemortne manquer régaler oeil niveau épique film assombrir assister fois mort tragique spoiler siriu black bellatri bataille ministère faire doute verser petit larme drame temporairementspoiler harry fou rage point utiliser sortilège interdire punir bellatri jusque tenter voldemort recourir sortilège mortel avada kadavra harry refuser vouloir ressembler seigneur ténèbre 5è opus important entamer grand comparaison psychologique héro méchant histoire genre lien plaire donner épaisseur complexe histoire attendre ambiance triste argument avancer faîte humour atmosphère ténébreux tomber oublie autant petit séquence rigolo rir bien évidemment scène inoubliable ouspoiler fred george lasser méthode ombrage décider mettre pagaille jour examen balacer pluie pétard feu artifice oiseau papier ballet magique séquence inoubliable genre truc envie faire école xd bref action aventure magie émotion offrir 5è opus saga harry potter culte préférer prince sang mêler invite vraiment visionner perle,pos
bon 5ème volet fabuleux saga jeune sorcier histoire satisfaisant univers magique génial retrouver plaisir daniel radcliff rupert grint emma watson impeccable nouveau fois sympathique rôle harry ron hermione préparer ami guerre menacer éclater imelda staunton interprèt horrible dolore ombrag convaincant ralph fienne incarner terrible voldemort satisfaisant acteur correct sombral acceptable bien élaboré image bon effet spécial bien réaliser décor nouveau fois formidable lieux rencontré convaincant bien concevoir majestueux ministère magie école poudlard bien faite nouveau fois appréciable costume super acteur bien maquiller objet convenable ambiance nouveau fois plaisante musique bien composer final ministère magie spectaculaire combat impressionner grand dumbledore affreux voldemort émotion rebondissement bien maîtriser aventure nouveau fois entraînant 5ème opus réussir idée bien trouver harry entraînant élève faire sort débuter rébellion contre force obscur diabolique voldemort environnement bien imaginer esthétisme soigner accompagner personnage attachant remarquer mort quelqu’ connaître fantastique franchise,pos
harry potter ordre phénix marque arriver franchise david yate lâcher sorcier anglais.beaucoup critiquer trouver pourtant david yate bien savoir capter ambiance livre beaucoup sombre mature partir opus savoir retranscrire teindre bleu noir donner impression étrange froid département mystère ministère magie.ce teindre froide opposer teindre oranger poudlard feux artifice weasley exemple opposer bureaucratie aveugle ministère espoir incarner jeune étudiants.cett opposition visuel retrouver personnage ordre phénix sombre pessimiste prêt battre armée dumbledore plein entrain naïveté prêt battr idéau face entité retrouver cynisme fonctionnaire rappeler inflexible barty croupton sr précédent opus faire taire pouvoir réveiller vieux peur population.mai personnage réussir sûrement dolore ombrag réussir exploit faire détester spectateur voldemort vrai nouveau professeure défense contre force mal particulièrement haïssable personnage laisse indifférent personnage réussi.mêm chose inverse luner lovegood apporter vent fraîcheur folie milieu pessimisme ambier meilleur personnage créer j.k rowling.et acteur choisir incarner personnage parfait jouer personnage bluffants.ler acteur évoluer milieu décor accessoire costume fois excellent équipe technique film impressionnant perfectionnisme lire livre travail autant bluffer heure passer créer chose passer furtivemer passer écran.mais climax film peut-être combat final grandiose franchise retenir haleine fois regarde.pour raison harry potter ordre phénix probablement meilleur adaptation franchise écran.pourter scénariste partir loin livre gros 1.000 page passer énormément chose savoir rester fidèle bouquin accoucher histoire digeste pouvoir porter écran,pos
excellent film aprer premier épisode inoubliable réalisateur david yate réussir brillamment long métrage succéder dignement précéder réalisateur saga livrer volet psychologique politique illustre prédécesseur grace mise scène majestueux plonger décor magnifiquement fidèle roman découvrir fois univers ministére magie jouer ici role cler film servir bo envouter composer fois nicholas hooper livrer theme mélancolique puisser coller parfaitement long métrage ensuite scénario captivant prendre jamai raccourcie suppression scénaristiqu plaire ferveur admirateur tome 5 complet dense précédant scénariste sortie honorablement ajustement emmerveiller cours 2h20 éte contre dure prévoir ajouter effet spécial monumental passer séquence action épique moment phare duel magique graver annale oublier apporter bon dose noirceur ici omnipréser note poésie humour emotion atteindre jusque paroxysme distribution irréprochable retrouver grand joie personnage favori laisser précédemment jeune sorcier herbe harry potter tourmenter isolé jamais suite événement douloureux précédant volet acteur daniel radcliff crédible jouer role emblématique ami loyal dernier inoubliable ron weasley hermione granger voir role prendre importance jamais performance respectif rupert grint emma watson gagner énormément maturité coté inséparable trio retrouver protagoniste emblématique joindre préparer inévitable bataill approche former fameux organisation connaître nom ordre phoenix retrouver joie siriu black relation sorcier préférer toucher pleine cœur grace interprétation faille gary oldman personnage phare remu lupin maugrey fol oeil molly arthur weasley impeccablement jouer interprète respectif étudiant poudlard voir peur role épaissir personnage maladroit neville londubat ravissant ginny weasley interpréter justesse matthew lewis bonnie wright ensemble faire face puissant maléfique lord voldemort incarn perfection immense ralph fienne parfaire peau antagoniste mythique retrouver épauler fidele serviteur redoutable mangemort retrouver perfide lucious malefoy jouer panache jason issacs marquer arrivée fracassant inquiétante diabolique bellastri lestrang jouer perfection talentueuse héléna bonham carter épisode marque occasion arrivée remarqu odieuse détestable dolorè ombrag secrétaire ministère magie charger mener vie dur harry potter entourage magnifiquement jouer imelda staunton combler talentueuse evanna lynch campe brio rôle lunatique attachant luner lovegood venir prêter main fort jeune sorcier conclusion harry potter ordre phoenix parfait continuité aîné episode qualité révéler fois sombre poétique poignant spectaculaire oppresser inconditionnel roman jk rowling nouveau fois submerger nouveau aventure célèbre sorcier art arriver bonifier episode episode grand plaisir préparer meilleur venir épisode restant saga anthologie voir revoir,pos
"an demi harry potter coupe feu sort cinéma 5ème aventure harry potter harry potter ordre phénix année sortir dernier livre saga harry potter relique mort.ce 5ème film racont monde sorcier réagir annonce voldemort ministère magie mener cornelius fudge refuser croire persuader population dumbledore harry potter mentir but emparer ministère faire face menace dumbledore réunir ordre phénix groupe sorcier lutte contre voldemort mangemort côté harry potter créer armée dumbledore apprendre élève poudlard défendre faire face dolore ombrag envoyer ministère réformer poudlard.l’ histoire film dense beaucoup chose raconter avantage histoire intéressant tourne rond rapport film univers continuer évoluer intrigu principal saga continuer avancer.l film présenter ministère magie politique fonctionnement monde sorcier justement film intéressant poser questionnement intéressant politique stratégie propagande amène débat personnage intéressant procès début film).""la suite ici",pos
"grâce entrée scène david yate commande célèbre saga définitivement panthéon fantastique menu détail demeurer perfection bouder plaisir plonger littéralement héros bulle fantasmagorique magie opérer coup âge largement atteindre innocence début loin chronologiquement parler volet gagn maturité opus grimper échelon harry hermione ron stade novice matière sortilège titre acteur camper évoluer affirmer jeu équipe complet 2001 regretté richard harri initialement dumbledor évoluer attache force chose esthétique sombre propice grand force voldemort dévoiler réalisation haut gamme riche évènement charnière ordre phénix sorte armée dumbledore dresser face mouvement propagandiste ministère magie résoudre réduire silence harry potter annihiler forme cours pratique magie défensif poudlard tombe joug despotique dolorès ombrag envoyer sournois ministère agir véritable frein apprentissage traditionnel personnage méprisable engendrer immédiatement vent révolte annonce année mouvementer école magie menace tomber pelle réprimande interdiction décret invraisemblable bref dolorè ombrag nuisance parer nécessaire éradiquer mission apprenti sorcier professeur grand mage dumbledor lutter parallèle éloigner dangereux voldemort offrir scène final combat couper souffle daniel radcliff finalement prendre pleine possession personnage conduire meneur troupe naturellement enrobage riche fructueux univers retranscrire main maitre adapter grand nombre tailler spéctacle enivrer sallesobscure part aboutir prisonnier azkaban grandspéctacle 4,5/5",pos
chose valoir peine battre séquence ouverture ordre phénix épisode sombre profond pentalogie.voldemort besoin despoiler déployer beaucoup effort convaincre membre fanatique ministère magie prendre relais débarrasser dumbledore professeur ecole sorcellerie magie poudlard.dolore umbridge spoiler nouveau enseignant ministère finir autoproclamer directrice établir progressivemer régime fasciste détruire cœur âme école.ron hermione convaincre harryspoiler désespérémer lutte souffrance ensemble golden trio fond armée dumbledore groupe secret étudiant harry enseigne sort défensifs.cette puissante parabol passer lorsque régime dictatorial éliminer compétence pensée critique programme académique termine parspoiler confrontation armée naissant voldemort dumbledore révélation prophétie harry.david yate réaliser inspiration nicholas hooper composer bel bande original illustre parfaitement sentiment animer protagonistes.pour instant harry potter ordre phénix 2007 épisode préférer pentalogie passer revue épisode restant compléter octalogie).4.8/5,pos
david yate dernier réalisateur franchise harry potter livre réalisation célèbre sager film sombre complexe mature précédent film nouveau opus beaucoup sombre peut-être trop justement venir haïr daniel radcliff dernier minutes.de film souffr mal longueur laisser finalement place long dialogue ordre phénix opus décevant saga remettre cause excellent jeux acteur magnifique effet spécial accompagner bande original sublime,pos
super meilleur harry potter scénario superbe acteur génnial éfet special top inclure personnage hyper atachant luna harry entraine camarade combatre mage noir c st superbe contre truc j aimer dolore ombrag tèllement malfaisant trop violer critique risque d censsurer vouloir truc non c spoil savoir sirius black film comprendre meilleur saga j vraimment adorrer 4/5,pos
dernier bon film harry potter film récent épisode 5 6 7 1ère partie 7 2ème partie saga.l' histoire mal mérite revenir j. k. rowling ennemi original puisque agir ministère magie dolore ombrag emprise poudlard trame greffer histoire principal évasion prisonnier azkaban vision harry potter).le casting bon jeune acteur daniel radcliff emma watson rupert grint interpréter respectivement harry potter hermione ron âgé michael gambon dumbledore ralph fienne voldemort gary oldman siriu black incarner bien personnage vraie révélation film imelder staunton dolore ombrag génial rôle absolument insupportable vraiment envier tuer).le effet spécial impeccable scène action bien.la musiqu nicholas hooper excellent facture beaucoup morceau agréable écouter thème feu artifice salle demande .le final film bon.un meilleur harry potter,pos
bien mieux opus changement direction bon trouver génie montage david yate dynamique intelliger séquence action saupoudrer humour manquer ailleurs attache histoire fidèle livre tour force plaire voir arrivée nouveau personnage terrible ombrage interprétation transcender jouissive imelda staunton fin bazar petit avis négatif film termine séquence torture psychologique harry ressemblent davantage clip vidéo amphétamine vraie séquence découpé soin dommage subjectivemer engager apprécier michael gambon acteur interprèt dumbledore suite regretté richard harri jeu antipathique haut point ajouter personnage contester bienveillance film rendre dumbledore agaçant inintéresser pleurer opus dommage rôle attacher livre noirceur film excessif salle objet garder ministère voir cinéma noir complet pièce voir grand-chose revanche salle demande meilleur séquence film rusard compère serpentard ruer placard balais oublier ombrag marquer saga presque autant voldemort film mort despoiler siriusdans dernier instant film toucher personnage préférer bon opus relever bribe humour appréciable disparition final personnage mal cœur intrigue avancer grandement montage spécialité réalisateur impeccable,pos
harry potter ordre phénix bon film fantastique magie tenir place histoire plaisante intrigu tourne nouveau fois autour voldemort personnage principal perdre naïveté jeune acteur prendre maturité effet spécial plaisant décor associer élément référence nouveauté nouveau visage apparition opus manière remarquer divertissement rendez-vous voir temps passer heure,pos
harry potter and the order of the phoenix réputation mauvais rejeton série y' bien errance gros trou air passage vide clairement décrocher rythme exagérément saccader énerver compenser carences.david yate colle ici tache opus charge cherch poursuivre sillon tracer franchement sort tire évidemment summum matériel parvenir cadrer reprendre train route ajouter petit valoir concerner lecture personnage secondaire vraiment réussir pari capter attention gros souci mentir séquence entrainement nunuche rien ressortir pourtant convaincre falloir blâmer scène vide oui film heure distill discours axer trame vien entrouvrir porte politique trouver grossier oui habile justifier ligne conducteur bancal ressortir enjeu devenir interne manigance relever audace combine déceler aisance mettre scud efficacité harry retrouver démunir minute initial réussies.david yate décider faire maximum entrée bâtir scénario crachote point introduire ombrage vraiment tyrannique détestable sommet peau vache dévoué forme ordre autoritaire dévoyer clairement mal terrifier film rose vêtir amour chat autoritarisme sadique froid dos.passé trou air virage facile film reprendre aller incursion ministère endroit laisse action combat veine épique petit y' frisson émotion.le film tantinet désincarné pâtir comparaison prédécesseur prisonnier azkaban aboutit visionnaire dernier inscrire zone confort orchestrer autour histoire fantastique résultat défaut audacieux concrétiser gain,pos
excellent opus régaler revoyant partir tour pas.niveau personnage luna mr weasley fred george beaucoup rir rogue détestablespoiler nouveau facette histoire montrer triste enfance harceler jame potter beaucoup opus adorer hagrid paix robbie coltrane dumbledore opus.spoiler contre dumbledore commenc -t il discours début année bonsoir enfant niveau acteur trouver emma watson surjou beaucoup opus début acteur excellent imelda staunton ombrage helena bonham carter bellatri parfait sadique détestable faut.ler décor département mystère 12 square grimmaurd bien fait effet spécial remarquablement réussis.spoiler combat dumbledore vs voldemort magnifique.niveau scénario harry potter ordre phénix abord thème psychologique folie possessionspoiler:(la scène harry posséder fin vraiment bien fait thème résistance armée dumbledore ordre phénix union force solitude faiblessespoiler fudge croire voldemort mettre dos siriu voldemort vouloir semer peur solitude confusion monde sorcier révéler publiquement guerre point commencer ressemble beaucoup guerre mondiale.cet opus développer beaucoup politique univers thème présent roman bien restituer écran film priorité.le scénario fidèle roman essentiel roman condensé grâce scène accéléréesspoiler séquence voir méfait ombrage parallèle séance entrainement armée dumbledore coup bout d 1h20 devenir lourd rebalance séquence entrainement armée dumbledore occlumancie)et approche rapide intrigue livre jk rowling film diversifier action enchaine temps mort lucius malefoy lentement mettre 5 minute aligner mots)spoiler point mr weasley guéri minute être sauvagement attaquer nagini.c' bon résumé manque absolument dérangeant film savoir garder important roman volumineux comparaison harry potter coupe feu savoir voir party intrigue important garder humour présent film mettre côté assombrissement univers.on remarqu oubli créer incompréhensionsspoiler exemple mme figg cracmolle détraqueur liberté origine tempête savoir ombrage film envoyer détraqueur harry contrôler lettre réseau cheminée poudlard ailleurs mitiger idée utiliser plume écrire sang élève moment punir remarqu cho parer souriant lorsque voit diligence début film mort cédric attrister expliquer clairement prophétie entendre prophétie département mystère monde entendre essentiel conversation intéressant dumbledore harry roman être supprimé.c' dommage.spoiler mort siriu mal bâcler passer vite chose rapport mort cédric diggory important pourtant elle.spoiler film grand puissance dramatique fort relation siriu harry développer beaucoup début fin harry vouloir vivre siriu sirius promettre finir vivre vrai famille sirius mourir fin entendre raisonner hurlement déchirant harry silencieux.la musiqu nicolas hooper sympathique léger arrière-plan accompagner bien film remarque utilisation leitmotiv personnage siriu cho luna thème fireworks dumbledore' s army vraiment cool.en résumé harry potter ordre phénix film harry potter intéressant préféré passionner lire détaillé roman film film excellent défaut infime bon moment passer film voir conseiller,pos
opus david yate commande saga harry potter jusqu’ chapitre final harry potter ordre phénix lord voldemort albus dumbledor être remplacer inquiétante dolorè ombrag diriger école sorcier élève choix enfreindre nouveau règle organiser rébellion mettre place armée dumbledore apprendre art défense contre force mal enfance pré-adolescence épisode respirer révolte contre injustice humiliation autorité opus frôler caricature échapper fois grâce casting rafraîchir mise scène vivifiante.d' critique page facebook cinéphile 44 site cinephiles44.com,pos
4.5/5 bon film ensemble grace histoire prenant harry ami tenter convaincre monde voldemort mettre difficultè ministère magie vouloir croire explosif film contenir lot nouveau personnage toujour bien interpréter professeur ombrag lieux ministere magie salle demande nouveau créature sombral venir enrichir monde harry potter,pos
volet nettement inférieur premier craindre saga harry potter perde intérêt heureusement harry potter ordre phénix comprendre épisode signer mik newell mauvais souvenir mauver arrivée david yate univers poste quitter puisqu’ clôturer série retrouver commande premier film spin off animal fantastique aventure petit sorcier petit ailleurs retrouver qualité premières.en prolonger intrigu amoureux amorcer heureusement nettement importantespoiler:(même harry cho échanger baiser)afin remettre scène univer sombre caractéristique série intrigue futile harry potter loin film enfant reprocher raccourcissement coupe cheveux harry sûrement devoir volonté adulte école sorciersspoiler:(le film termine mort personnage principal clan marquer tension présent sein univers poudlard récit avancer vitesse peut-être trop vite fin dur décrocher.pour incursion monde david yate réussir offrir mise scène dynamique extrêmement rythmer direction acteur montrer jeune acteur hésitant film devenir bon comédien mesurer pointure jouer personnage adulte début yate bénéficie effet spécial réussir bon musique nicholas hooper marquant john williams premier volets).harry potter ordre phénix marque excellent incursion david yate saga petit sorcier refaire monter intérêt spectateur passionner second redemander attendre suite impatience,pos
changement radical opérer dernier volet harry potter ordre phénix continuer voie épisode présenter réalisateur saga prendre tête jusque dernier chapitre david yate metteur scène attacher projet imposer style coller peau continuité être intégrer film bon ensemble apprécier scénario histoire général trouver concept trop simpliste mal remplir film principalement long face concept base confrontation autorité rébellion trop développable retrouver systématiquement type scène personnage dolorès ombrag venir mettre bâton roue élève rebeller uniquement coin empêcher œuvre intéressant principalement continuer développer relation personnage intéressant proposer scène action vraiment prenant inédit bref apercevoir combat baguette précédent volet film rentrer complètement concept résultat satisfaisant final gros bouffée air frais offrir probablement meilleur scèner action saga scénario bancal comparer proposer film général minime finalement bête arrêter long métrage bon qualité continuer proposer bel chose sein saga conclure volet confirmer direction pris précédent film,pos
harry potter trouver cousin dudley attaquer détraqueur débarrasser aide patronu recevoir lettre informer renvoyer poudlard usage magie présence moldu harry effectuer rentrée contexte voldemort contester autorité majorité opinion public.comm opus précédent important travail condensation effectuer adapter roman volumineux saga instar prédécesseur david yate parvenir ensemble cohérer procéder important suppression centrer événement essentiel histoire mettre contrôle progressif poudlard ministère magie incarner professeure ombrag censure progressif mettre scène manière dynamique résistance élève faire face mettre place laisser relation harry cho chang progression influence voldemort personnage introduire ancien effectuer thématique abordé maintenir définitivement mature,pos
"contrairement premier opus ressentir vraie continuité événement 4 vrai impact non événement harry donner relire livre critique film non adaptation film côté politique sens ministère antagoniste principal bon étape héros affronter seigneur ténèbre réaliste genre situation gouvernement refusant reconnaître vérité peur produire vrai.comme haut harry connaître sentence suite fin coupe feu faire face nouveau peur voir responsabilité modèle ami alchimie ron hermione ailleurs bien représenter complicité ron hermione ombrage beau personnage détestable saga bénéficier richesse avérer tortionnaire cache côté vieux bourgeoise anglais saluer performance imelda staunton rendre ombrage détestable nouveau retenir luner lovegood être entièrement présenter folie performance acteur siriu black mettre valeur famille spoiler mourir manière général personnage gagner maturité contrairement dernier fois ado paumer recevoir développement.david yate beau réaliser dernier volet saga animal fantastique savoir apporter fluiditer moment action aventure jongler bien noirceur lumière bien pose propre patte édifice sentir tension moment cauchemar tristesse moment réjouissant montre nouveau environnement décor bien imaginer réussir faire voyager bande original meilleur saga nicholas hooper composer morceau bien adapter moment aventureux festive action général droit combat baguette magiquer bien orchestrer agréable regarder ""l’ ordre phénix loin second volet préférer saga film préférer jamais lire livre risque cas cas génial ennuyer passer constamment chose casting bien investir effet spécial top décor immersifs censé clairement genre film correspondre calme tempête genre film cracher politique méthode intrusif sein école schémer malheureusement vrai mal comprendre considèrent bon saga",pos
film titré révolte commencer épisode commencer aborder thème conflit préparation combat armée emprunt champ lexical armée franchement voir harry potter déroutant.la féérie monde magie commencer doucement disparaître amorcer dernier film noir presque tragique finalement fade.ce épisode saga amorcer virage douceur,pos
film réalisateur primis arrêter bien réalisateur harry potter falloir faire mûrir part sombre personnage mérité esprit livre doute roman épai saga jk rowling doute difficilement adaptable 2h17 david yate sors trop mal exciser bon partie fait bouquin spoiler passage hôpital diminuer énormément extrait passage ministère magie offrir spectacle supplémentaire trouver réalisation bon mike newell bien alfonso cuàron photographie bel plan refléter bien psychologie personnage avancement saccader passage scène enchaîner lien particulier.en revanch opus demande vrai travail acteur daniel radcliff scène finalesspoiler dumbledore voldementet commencer voir apparaître deviendra mimique principal jeune acteur jouer phase désespérer énervé évolution interprétation interprétation bon ancien image imelda staunton camper parfaitement personnage trait grossir refléter petit rire ombrage bien passer bon opus premier mouchoir poche,pos
prédécesseur défaut trouver film vraiment génial atteindre limite agir adaptation roman falloir résumer énormément œuvre bien faite envouté magie poudlard effet mieux mieux prendre plein oeil final vraiment fou réussir début saga intéressant voir harry potter contre populaire retrouver ici pariât société retournement situation bien interpréter daniel radcliff petit nouveau fort impression evanna lynch peau lunaire luner lovegood imelda staunton tyrannique dolorès ombrag préféré helena bonham carter psychopathe bellatri lestrang véritablement folie regard acte harry potter ordre phénix instant ecole sorcier apprécier,pos
bon épisode saga harry potter contrairement précédent -là petit tap œil bon univers harry potter agréable retrouver étendre film découvrir nouveau chose intéressant fois david yate commande dernier film fois lire livre juger film adaptation constater beaucoup aimer film clairement préféré dire bien 4 dynamique retrouver ancien acteur savoir daniel radcliff bave personnage michael gambon dumbledore montr démesurément puissant ralph fienne voldemort efficace ancien acteur bon film impressionner matthew lewis rôle neville londubat améliorer nouveau acteur retrouver imelda staunton rôle excentrique dolorè ombrag personnage détestable joue bien evanna lynch rôle luna lovegood charmant adorable oublier natalia tener rôle nymphadora tonk débrouiller bien contre helena bonham carter rôle bellatri lestrang surjou mort cabotin arrêt gary oldman rôle siriu black revenir puissance david thewlis rémus lupin bon retrait disai film prendre émerveiller embarquer fois monde magique musique bien y' scène comique moment émouvant passage horrifique tension présent intrigue film vachement intéressant fin film kiffant harry potter ordre phénix bon film bon épisode rentrer continuité saga encourager voir avoir être prendre mal monde saga magique,pos
sortie cinéma indigner fidèle roman j. k. rowling trop déception scène final sirius année passer relire livre hier film permettre souvenir plein détail oublier finalement indigner oui film vite passer détail fortement pleuvoir respecter trame principal roman élément important finalement réussite réalisation bon effet spécial bel effet frère hagrid voir nettement différence volet saga passer bon moment jeu acteur bien meilleur précédent lien changement réalisateur épisode fois sombre précédent arrêter compliquer compréhension jeune casting retrouver fois helena bonham carter enlever horrible voix français débile jeu merveilleux donne folie nécessaire bellatri impression ancien acteur présent laisse place voir beaucoup maggie smith robbie coltrane ensemble film réussir passer bon moment part imbécile changer avis largement préférer visionnage précédent,pos
david yate offrir ici réalisation simple volet efficace musique nicholas hooper bon marcher bien film trio principal harry hermione ron trio secondaire luner neville ginny bon retenir prestation helena boham carter ralph fienne jason isaac alan rickman absolument parfait introduire ici dolore ombrag imelda staunton joue bien adorer détester scène début sorcier voler balai spectaculaire dernier acte film passer département mystère scène mangemort battre contre ordre phénix caméra survoler personnage combat dumbledore voldemort spectaculaire scène siruis apparait feu beaucoup bien précédent film aucun relief moche,pos
harry potter ordre phénix opus saga harry potter fois réaliser david yate ordre phénix simplement incroyable ordre phénix meilleur précédent film jusque ici réalisateur extrêmement bien débrouiller adapter saga grand écran david yate prédécesseur monde magique harry potter voir vivant film petit côté politique aimer beaucoup film nouveau fois harry totalement perdre suite événement coupe feu attacher précédent film attache vraiment héros voir arriver personnage dolorer ombrag personnellement adorer détester personnage superbement interpréter imelda stauton sirius black cœur film relation harry réussir gros point fort filmspoiler mort personnage terme émotion extraordinaire david yate réalisation réussir parvenir bien respecter travail fournir prédécesseur réalisation b.o nicholas hooper incroyable réussir résumé film préférer saga,pos
harry potter ordre phénix volet saga plonge obscurité politique psychologique nouveau tandis voldemort figurer mal absolu renaître cendre monde sorcier paralyser déni complaisance refuser croire ennemi honnir climat aveuglemer collectif pès poudlard transformer école théâtre tension apprentissage céder place résistance.pour fois regard méconnaître impos caméra david yate prendre rêne univers magique approche délaiss exactitude ligne rowling prix rythme frénétique bord essoufflement scène courir film craindre attarder approfondir conclure délai impartir choix contestable confère toutefois énergie brut récit image injustice révolte.la prophétie central défaut majeur adaptation survivre vit expliciter inéluctable harry voldemort savoir destin lier lutte mort.certe adaptation prendre liberté discutable effleure thématique aborder découverte force amitier affirmation lumière naîtr ombre dense confère sympathie univers film.en sens ordre phénix réussite imparfait pressentir ombre duel final dessiner horizon,pos
